Home,Home
Search entire store here...,Type and hit enter
Your Language:,Language:
Currency:,Currency:
Shopping cart,Cart
BAG,CART
item(s),item(s)
Navigation,Navigation
Special Price:,
Regular Price:,
Newsletter,newsletters signup
Your email,Your email
Subscribe,Subscribe
My Wishlist,Wishlist
My Wishlist (%d item),Wishlist (%d)
My Wishlist (%d items),Wishlist (%d)
My Account,Create An Account
Cart,Cart
View contents of your shopping cart,View contents of your shopping cart
View shopping cart,View shopping cart
Your cart is empty,Your cart is empty
Continue to Checkout,Continue to Checkout
Currency,Currency
Language,Language
Enter your e-mail,Enter your e-mail
Click to see more products from %s,Click to see more products from %s
Sign Up,Register
From Twitter,Recent Tweets
Facebook,Like Us On Facebook
Categories,Categories
Related Products,Others Showed Interest In:
Popular Products,Popular Products
Availability:,
Sign In,Log In
Create an Account,Register
No tags connected to product,No tags connected to product
View as,View
Price,Price
Price Slider,Price Slider
prev,Previous
next,Next
Qty,Quantity
You may also be interested in the following product(s),You May Be Interested In
